id,response
1,Existential phenomenology is a philosophical approach that emphasizes the importance of human existence and experience. It argues that philosophy must begin with an exam
5,The cache line is in the Modified (M) state. In this state, the cache line is only present in the current cache and has been modified.
6,Minisatellites are typically 10-60 base pairs long and are repeated 5-50 times.   Minisatellites are
9,A. NaBAr?4 and HCl  B. NaBAr?4 and HBr  C. NaBAr?4 and H
11,"A: Light energy  
B: Chemical energy  
C: Thermal energy  
D: Mechanical energy  
E"
17,"**Solution 1:**  
5-MeO-DMT, a potent psychoplastogen, has been researched"
20,A choice function in mathematics is a function that selects a single element from each set in a collection of non-empty sets. It is a specific type
21,The Tzanck test is used to diagnose various skin diseases such as pemphigus and herpetic infections, and is widely
32,The Lyapunov exponent is a measure of the rate of separation of infinitesimally close trajectories in a dynamical system. It is a
33,The Jaccard index, also known as the Jaccard similarity coefficient, is a statistic used to measure the similarity and diversity of sample sets.
35,A CMTS primarily functions to facilitate the delivery of high-speed data services to cable subscribers by managing the flow of data between the cable
42,Geomorphing and LOD blending are techniques used to reduce visual popping in computer graphics. Geomorphing creates intermediate steps between two LODs
44,Polydioctylfluorene (PFO) has a molecular weight that ranges from 24,000 to 41
52,"The base in the reaction of TsCl with alcohols and amines serves several purposes:  

1. **Absorption of H"
54,"A: 3-MeO-PCP
B: 2-MeO-PCP
C: 4-MeO-"
56,"Treating storage as a circular log in a log-structured file system serves several purposes:


1. **Write Optimization**: By"
57,"a. Alpha motor neurons  
   b. Gamma motor neurons  
   c. Small neurons"
64,"A: Changing the radar's pulse repetition frequency
B: Using frequency agility
C: Denying the capability to"
71,Choices: A: Juan Benet, B: Amit Sahai, C: Brent Waters, D: Vipul Goyal
73,"The dual polytope of the 6-orthoplex is the 6-hypercube or hexeract.

2. How many"
76,"A: DMAPP
B: LCB1
C: LCB2
D: Pyridoxal phosphate"
77,"## Response:

The condition for a number to have a partition function that is a multiple of 5, according to Ramanuj"
85,The CONUS detector is shielded from background radiation using an active muon veto system, lead and boron-doped polyethylene pl
86,Angiogenesis is the process by which new blood vessels form from pre-existing ones. It is a vital process in growth and development,
87,"A. To isolate production zones  
B. To allow selective perforation and production  
C. To reach the total depth"
89,Dry and wet. What are the four main delivery methods of nitrous systems? Single nozzle, direct port, plate, and bar. What
95,Choices: A: Rayleigh fading, B: Rician fading, C: Both A and B, D: Neither A
101,The tears of wine phenomenon is caused by the difference in surface tension between alcohol and water. When a mixture of the two is inhomogeneous,
113,The Mars Pathfinder spacecraft entered the Martian atmosphere at a velocity of 7.3 kilometers per second (km/s). This high velocity
122,The dental pulp is a highly vascularized, loose connective tissue that fills the space inside the root canals. It helps complete
124,WNK1 regulates potassium channels in the cortical collecting duct and connecting tubule, promoting potassium secretion. It
131,The infundibulum is a funnel-shaped cavity or organ found in various parts of the human body, including the brain, hair
132,The three alternate names for the truncated 8-orthoplex are truncated octacross (tek), bitruncated octacross (
135,"A: Trigonal prismatic
B: Tetrahedral
C: Square planar
D: Octahedral"
141,Hepatic lipase is an enzyme that plays a crucial role in lipid metabolism. It primarily functions to hydrolyze tri
149,The frame capacity of STM-1 is 155.52 Mbit/s.   The STM-1 frame has a byte
151,"A. 75%  
  B. 50%  
  C. 25%  
  D"
158,The van 't Hoff factor is related to colligative properties such as osmotic pressure, relative lowering in vapor pressure, boiling-
165,Tape libraries can store data capacities ranging from 20 terabytes to 2.1 exabytes.   What are the access
169,Serine dehydratase (SDH) is an enzyme that catalyzes the reversible dehydration of serine to
185,"The main component of the cornified envelope is loricrin.


The cornified envelope precursor family includes genes that encode the"
226,Lipstatin is a natural product derived from linoleic acid, octanoic acid, and L-leucine. It is synthesized through
235,The goal of rehabilitation after medial knee surgery is to restore normal knee function and prevent complications such as arthrofib
243,The RDY radar operates within the I/J band, specifically in the frequency range of 8 to 12 GHz. This range
247,Membrane-bound oxaloacetate decarboxylases are a family of enzymes that act as primary Na+ pumps,
252,"Extrinsic compression tracheomalacia is caused by vascular rings.

   Aneurysms of the aortic sinus"
253,"A) Duchenne Muscular Dystrophy  
   B) Becker Muscular Dystrophy  
   C)"
264,The fastest charging time achieved by StoreDot's XFC batteries is five minutes, as demonstrated by their first-generation XFC Li
265,Benign fasciculation syndrome (BFS) is characterized by involuntary muscle twitches, typically affecting voluntary muscle
268,The higher-dimensional analogue of the Cauchy integral formula is the Andreotti-Norguet formula.   What does the Andreotti-Norg
273,Sodium valproate is a common medication used to treat photosensitive epilepsy. It helps to control seizures by stabilizing
290,Epinephrine injection, followed by intravenous fluids and placing the person in a reclining position. Additional doses of epine
297,The two constituents of Beta Sagittarii are designated ?1 Sagittarii A and B, and ?2
301,Limnephilidae   The genus Pseudostenophylax belongs to the family Limnephilidae, which is a family of caddisflies
308,The molecular drag pump uses the drag of air molecules against a rotating surface to create a vacuum. It is most commonly
318,"Prussian blue

Input: What is the name of the pigment produced by the cyanotype process? Prussian blue"
325,The SIGCHLD signal can be used to remove a zombie process from a system. When a child process terminates, the operating system sends a
328,Cluttering is characterized by rapid and/or irregular speech rate, excessive disfluencies, and at times, auditory, visual, and
331,"A: Insecticide
B: Antibiotic
C: Antifungal
D: Antiviral


##"
339,The electron heat capacity can be approximated as proportional to the temperature and the density of states at the Fermi level. This approximation is a reasonable heur
341,"A. Level curve  
   B. Isoline  
   C. Both A and B  
   D. None of the"
343,Crystallins are structural proteins found in the lens and cornea of the eye, responsible for maintaining transparency. They also
344,Neopullulanase has potential industrial applications, such as the production of isomaltooligosaccharide syrup, a low-calorie
346,A permutation is a Baxter permutation if it avoids the vincular patterns 2-41-3 and 3-14
361,Thiamine pyridinylase (Thiaminase I) and Aminopyrimidine aminohydrolase
369,"Hydrogen fluoride, silicon tetrafluoride, and nitrogen oxides.  

   **Answer:** Hydro"
379,The main filename extension for still images in HEIF is.heif. This extension indicates that the file contains a single image encoded in the HEIF format.
380,Microstrip antenna   A rectangular patch antenna is a common type of microstrip antenna that is approximately half a wavelength long. The
398,The catalytic domain of MMP-1 is responsible for breaking down interstitial collagens, types I, II, and III. It
405,The default mode network (DMN) is a network of brain regions that are active when an individual is awake and at rest. It is not a type
409,DTT is used to reduce disulfide bonds in red blood cells. This process, known as red cell lysis, is used to release hemog
411,"A: GABA receptor
B: GABA-A receptor
C: GABA-B receptor
D:"
412,"A: Stimulant
B: Cannabinoid
C: Opioid
D: Hallucinogen


##"
415,"Postcoital bleeding can be caused by a variety of factors, including:  

- Cervical dysplasia: Abnormal changes"
422,"Doxycycline  

   Anaplasma phagocytophilum is a Gram-negative bacterium"
427,"### Response ###

The formula for calcium arsenate is Ca3(AsO4)2. This compound is composed"
430,Inhalation of lewisite is the most common route of exposure and can cause burning pain and irritation in the respiratory tract
433,"A: Myocarditis  
B: Dilated cardiomyopathy  
C: Left ventricular dys"
438,Common maternal problems include gestational diabetes, hyperemesis gravidarum, pelvic girdle pain, high blood pressure, an
445,The Helotiales order is part of the Ascomycota phylum. This phylum is one of the largest within the fung
446,The stiffness and flexibility of worm-like chain polymers are determined by their persistence length and contour length, respectively. The pers
448,The Third Industrial Revolution is based on economically viable technologies that can achieve the miniaturization of three-dimensional objects.   The surface of
461,The standard that was adopted in 1985 for representing floating-point numbers in computers is the IEEE 754-1985
466,"A: Adenosine deaminase
B: Adenosine kinase
C: Adenosine phosphorylase"
470,Algebraic numbers form a field. This means that the sum, difference, product, and quotient (except division by zero) of any two algebraic numbers
476,The main benefit of using a twilight switch is the energy savings it brings, combined with the convenience of unnecessary time scheduling, effectively regulating sun
480,A tetraquark is a type of exotic meson that consists of four valence quarks. Unlike conventional mesons, which are made
491,Paper chromatography is a technique used to separate mixtures of substances based on their different affinities for a stationary phase (usually
492,NBP2 is involved in the assembly of iron-sulfur proteins in the cytosol. These proteins are essential for various
494,Cardiac neural crest cells (CNCCs) are a subpopulation of neural crest cells that migrate to the cardiac outflow
499,The cloud base affects the transfer of radiation in the atmosphere, and changes in cloud base height can impact global climate patterns.   The cloud base is an
500,The degree of a Frankl-Rödl graph is equal to the number of coordinates in the hypercube. For example, a
501,"### Response ###

The product of the reaction catalyzed by PI4K2A is phosphatidylinos"
502,"A: Red giant
B: White dwarf
C: Main-sequence star
D: Neutron star


###"
527,Methacrylonitrile is primarily excreted through the urine. The metabolites of MeAN, such as 3-h
528,Atrial arrhythmias are heart rhythms that originate in the atria. There are five types of atrial arrhythmi
542,Eosinophil peroxidase (EPO) is an enzyme that plays a crucial role in the immune system, particularly in
543,"Palindromic numbers. 

0, 1, 2, 3, 4, 5, 6, 7,"
545,Interval arithmetic is the mathematical technique used to put bounds on rounding errors. It involves representing numbers as intervals, which can provide a range of possible values
548,Haplogroup M8 is an East Asian haplogroup. It is believed to have originated in East Asia, with the highest frequency found
559,The Pocket Instamatic series introduced by Kodak in 1972 used the 110 format. This format was a significant
562,"A: Alphaproteobacteria, Gammaproteobacteria, and Flavobacteriia
B: Cyanob"
563,"### Response ###

Harmine is a reversible inhibitor of monoamine oxidase A (MAO-"
568,Polaribacter is a genus of bacteria that belongs to the family of Flavobacteriaceae. It is a Gram-negative
581,Anthranilate synthase is an enzyme that catalyzes the conversion of chorismate to anthranilate, an important intermediate in
584,The second step in purine biosynthesis is the conversion of 5-phosphoribosylamine to glycinamide
587,The predicted promoter region of the FAM203B gene is located on chromosome 8. It has a length of 636
593,The hard-easy effect is a cognitive bias that causes individuals to overestimate their success at difficult tasks and underestimate their success at easy
600,The web server provides environment variables to the CGI script, which can be used to access information such as the client's IP address, request method, query
612,The protein encoded by the MAPK15 gene is a member of the MAP kinase family, which plays a crucial role in signaling cas
614,Phosphoglucomutase (PGM) is an enzyme that catalyzes the conversion of D-glucose-1-ph
616,"A: Colourless
B: White
C: Yellow
D: Red
E: Blue
First, let's eliminate two incorrect"
626,The main function of HLA-A genes in the immune system is to encode proteins that present short peptides to the immune system.
628,CFT is used as a substitute for cocaine in animal studies. It is a stimulant drug used in scientific research, structurally derived from
629,CLEC5A induces the production of various cytokines and chemokines, including TNF-?, IL-1, IL-
630,The model developed by Carlton W. Ulbrich in 1983 for describing the size distribution of raindrops is called the Ulbr
639,### Answer: In CCM mode, two block cipher encryption operations are required for each block of an encrypted-and-authenticated message,
644,The fluorouracil infusion in FOLFOX4 lasts for 120 minutes. What is the recommended duration of the fluor
646,"A: Hydrogen bonding
B: Pi stacking
C: Solvophobic effects
D: Van der Waals forces"
647,After DNA synthesis, RNA primers are removed and replaced with new deoxyribonucleotides. In prokaryotes,
652,"A: Increased risk of cancer
B: Decreased risk of cancer
C: No effect on cancer risk
D: Incre"
654,"A) 8-demicubes and 8-orthoplex facets
B) 6-demicubes and 6-"
656,"A:

### Answer:
The structure of ALC-0315 is a tetramer, [Cp*"
670,Chlorophyllase is a key enzyme in the chlorophyll metabolism of higher plants. It catalyzes the hydroly
687,A. To diagnose conditions such as leukemia, multiple myeloma, lymphoma, anemia, and pancytopenia
688,"### Response ###

The product of the reaction catalyzed by chorismate lyase is 4-hydroxyben"
692,Reciprocity of electrical networks can be proven directly from network theorems, using the admittance matrix to show that the ratio of the
694,Mycoplasma mycoides subsp. mycoides is the agent of contagious bovine pleuropneumonia. It is a b
709,Enzyme activators are molecules that can bind to the enzyme active site and increase its activity. Activators can bind to the
710,R-469A is used as a substitute for R-23 in test chambers for climate simulation. It is designed to reach low temper
717,Dioxolanes are used as protecting groups for carbonyl groups, allowing for the reduction of ester functional groups without affecting the k
721,Neurolytic block is a type of nerve block that involves the deliberate injury of a nerve by freezing or heating, or
726,The latest Snapdragon processor released in 2022 is the Snapdragon 8 Gen 1. It is part of the S
731,"A) Formation of iron(III) hydroxide
B) Release of molecular hydrogen
C) Formation of iron(II"
736,Poor soil conservation, unstable farming methods, and overgrazing are the main causes of desertification in Lebanon. These practices strip the soil of
737,"The IUPAC has recommended using the term ""azanide"" to name the anion of bistriflimide. 


Based"
740,"A. Deep-sea hydrothermal vents
B. Freshwater lakes
C. Tropical rainforests
D."
741,The exhaustive halogenation of a methyl ketone in the presence of a base results in the formation of a haloform. The reaction
745,Androstenedione  17?-Hydroxysteroid dehydrogenase (17?-HSD) is an en
747,The gravitational interaction with other planets can distort the orbit of a planet, leading to the formation of eccentric orbits.
753,"David Jablon


## Your task:Create a detailed comparison table that contrasts SPEKE with the traditional Diffie-Hell"
760,The ACAT1 enzyme, also known as Acetyl-CoA acetyltransferase, plays a crucial role in li
766,"The DECtape is 3/4 inch wide.

What is the data recording density of the DECtape?"
777,The boomerang attack is based on differential cryptanalysis. It exploits how differences in the input to a cipher can affect the output.   The bo
778,In group theory, an equivalence relation is often defined by a group action. Two elements a and b of a set G are considered equivalent if they are in the
780,The M201V variant of CYSLTR2 exhibits decreased responsiveness to LTD4. This hypo-responsiveness underlies
785,Floral scent serves two main functions: deterring herbivorous and florivorous insects, and attracting pollinators. These functions
788,NELF is a negative elongation factor that binds to RNA polymerase II and DSIF to inhibit the speed of
797,Datatypes can be defined mutually recursively, as seen in the example of a tree and forest. This definition is elegant and easy to work with abstract
801,Green rust has a layered double hydroxide structure, consisting of brucite-like layers of iron(II) hydroxide with inserted foreign anions
827,"ProTx-II has a high affinity and selectivity toward the human Nav1.7 channel.


ProTx-II"
830,Ontogeny is a multidisciplinary field that involves the study of developmental biology, cell biology, genetics, and developmental
843,The primary function of the latissimus dorsi muscle in the arm is to assist in depression, adduction, extension, and internal
850,Peronosclerospora sorghi primarily relies on oospores as its primary inoculum. These oospores can
854,The leading-edge root extension (LERX) is designed to induce controlled airflow over the wing at high angles of attack and delay the stall
855,"A sound argument. 


Deductive reasoning is a process of reasoning from one or more statements (premises) to reach a logical"
859,British anti-lewisite (dimercaprol) is the antidote for lewisite exposure. It works by binding to
860,"A: Pfizer
B: Johnson & Johnson
C: Merck & Co.
D: GlaxoSmithKline"
862,A state-transition table is used to describe the behavior of a finite-state machine. It shows what state the machine will move to, based on the current
863,Amino acid transporters are classified into several families, including the APC, AAAP, DAACS, LIVCS, HAA
869,One emerging defensive technology against XSS attacks is the use of trusted types. Trusted types are a security feature that can be used to prevent X
871,"Manganvesuvianite is characterized by its red to nearly black color.  


Manganvesuvianite is a rare min"
879,The intermediate lobe in fish primarily regulates physiological color change. This is achieved through the secretory activities of juxtaligamental cells, which
881,The predicted molecular weight of the PROSER1 protein is 95.7 kilodaltons (kdal).   What is the isoe
889,"Irregular variable stars. 

Based on the document, can you provide a detailed explanation of the properties and characteristics of blazars, including their"
896,The Scolopendridae family of centipedes is characterized by four ocelli on each side of the head and
897,The company that created ImgBurn is Lightning UK.   What are the main features of ImgBurn?   ImgBurn is
900,Proppants used in hydraulic fracturing can be natural or synthetic. Natural proppants include sand, which is
901,A military base microgrid is a type of microgrid that is designed to provide reliable and secure power to a military base. It is typically a stand-
902,ISO 9001:2015 is a quality management system standard that specifies requirements for organizations to ensure that their products and services consistently
905,The inverse limit of an inverse system of discrete finite groups isomorphic to the integers under addition, denoted as $\mathbb{Z}$, is the profinite
907,The operating system used in the Coleco Adam is called EOS, which stands for Executive Operating System. It is a comprehensive system that includes various functions
913,"A) En Coxeter group
B) B_n Coxeter group
C) A_n Coxeter group
D)"
914,Formoterol is a long-acting ?2 agonist that works by binding to ?2 adrenergic receptors in
929,Dispanin proteins, also known as Interferon-induced transmembrane proteins (IFITMs), play a crucial role
936,"A: Smooth induction and rapid emergence
B: Lower risk of accidental awareness
C: Improved post-operative"
940,The sampling frequency of G.726 is 8 kHz.   G.726 is an ITU-T ADPCM speech
942,The MPEG-4 Audio standard is licensed by the Via Licensing Corporation.
948,"Peronospora sorghi primarily survives in the soil as oospores.  

Didymella bryonia"
952,"A) 2
B) 4
C) 8
D) 16

Answer: C) 8"
976,"Small heat shock protein 27 (HSP27)  

## Instruction 2 (More Difficult - At Least 5"
990,"A: Pyridoxal phosphate
B: Thiamine pyrophosphate
C: Flavin adenine din"
991,Client-server model   In the client-server model, developers use a shared single repository, allowing for seamless collaboration and version control. This approach is
1004,"The kinetic energy of the linear rigid rotor is given by the expression:

\[ T = \frac{1}{2} m v"
1007,Protein denaturation is a process where proteins lose their native structure due to external stress or compounds. This disruption of protein structure can lead to
1010,The distance to NGC 300 has been estimated to be around 3.2 million light-years. This estimate is based on various methods,
1016,"PCTFE has a glass transition temperature of around 45°C.  


Polydioctylfluorene (PFO)"
1022,Stilbenoids are synthesized by the enzyme pinosylvin synthase, which catalyzes the condensation of c
1025,"A) A 3-4 duoprism
B) A 4-6 duoprism
C) A 5-"
1030,The magnitude of the companion star Nu¹ Sagittarii C is +11.2. This information is provided in the original text,
1031,Sodium ethoxide is prone to react with both water and carbon dioxide in the air. It can hydrolyze rapidly to sodium
1039,Phosphorylase kinase activates glycogen phosphorylase by phosphorylating it, which is a key step in
1045,The primary objective of MERIS is to observe the color of the ocean, deriving estimates of chlorophyll and sediment concentrations, and
1047,"A calibrated submanifold minimizes volume within its homology class.  

## Your task:In the context of the provided document,"
1051,The Hill sphere is a measure of the gravitational sphere of influence of a smaller body in the face of perturbations from a more massive body. It is a
1058,Mixminion uses public keys for encryption to ensure that each server in the mix network can only decrypt its own packet. This prevents any single server from
1070,The Debye-Hückel approximation   The Debye-Hückel approximation is used to calculate the screened potential in a fluid at high temper
1071,ITIM is a tyrosine-based inhibitory motif that, when phosphorylated, inhibits phagocytosis in
1077,Answer: The six types of cooperation between modalities are equivalence, specialization, redundancy, complementarity, transfer, and concurrency
1078,Istaroxime is a positive inotropic agent that improves cardiac function in both systolic and diastolic heart failure. It
1096,The chemical formula for linear alpha olefins is CxH2x, where x represents the number of carbon atoms in the hydrocarbon chain. Linear
1097,Bioceramic material. Biofilling is a technique that uses a Bioceramic material to achieve a water-tight apical plug
1098,Gemfibrozil is a lipid-lowering medication used to treat abnormal blood lipid levels. It is generally less preferred than statins
1101,"A: Human Papilloma Virus (HPV) infection
B: Herpes Simplex Virus (HSV) infection"
1115,Chitinophagaceae is a family of bacteria that belongs to the phylum Bacteroidetes. These bacteria are character
1117,"The molecular mass of the TMEM267 protein is 24.2 kDa.  


What is the"
1118,Dandruff is characterized by an itchy scalp and flaky skin. The condition results from the rapid turnover of skin cells on the scal
1123,"A: 226°C
B: 179°C
C: 88°C
D: -2"
1129,"A) 120
B) 600
C) 1200
D) 2400"
1132,Molecular analysis using genes such as 18S rRNA, ITS, and ribulose-bisphosphate carboxyl
1139,Ibritumomab tiuxetan is a monoclonal antibody that targets CD20, a protein found on the surface of
1142,The standard that allows a computer to send commands to a monitor and receive sensor data from the monitor over a bidirectional link is called the Display Data
1143,The DASS family of proteins transports a variety of substances, including organic di- and tricarboxylates, dicarbox
1155,Glycogen serves as a readily mobilizable storage form of glucose in the body, primarily in the liver and muscle cells. It
1161,ImgBurn supports various disc formats, including BIN, CUE, and ISO. It can create DVD Video, HD DVD Video, and Bl
1173,The POR gene encodes for the cytochrome P450 reductase enzyme, which is essential for the electron transfer process in
1176,Glycerol dehydrogenase is a type of alcohol dehydrogenase enzyme. It catalyzes the oxid
1180,Autotaxin is an enzyme that converts lysophosphatidylcholine into lysophosphatidic acid (LPA
1185,"(A) ?-opioid receptor
(B) ?-opioid receptor
(C) ?-"
1188,Trypsinogen is the precursor form of trypsin. It is stored in the pancreas and released into the duodenum, where
1190,"A: 1.5 solar masses
B: 2 solar masses
C: 3 solar masses
D: 4 solar masses"
1211,Combination vaccines combine different antigens to provide protection against multiple diseases. These vaccines are used to prevent diseases caused by
1215,A telescoping pole, such as a hiking pole or a broom handle, uses a slip joint to allow for adjustable length.
1216,A. Computed axial tomography (CAT)   B. Magnetic resonance imaging (MRI)   C. Ultrasound
1220,Haplogroup M30 is a South-Asian or India-specific maternal lineage of the macrohaplogroup M, identified
1221,"### Answer:
One common solution to eliminate blinking in colloidal nanocrystals is to grow a very thick semicon"
1229,"The most frequent bigrams in English are ""th"", ""he"", ""in"", ""er"", ""an"", ""re"", ""on"", ""at"
1233,"A) Industrial emissions
B) Vegetation
C) Ocean spray
D) Volcanic activity

Answer: B"
1250,USP20 deubiquitinates thyronine deiodinase type 2 (D2), an enzyme that converts thy
1253,The PAI-1 gene is located on chromosome 7.   The PAI-1 gene is located on chromosome 7.
1261,"A) Bandwidth  
 B) Latency  
 C) Jitter  
 D) All of the above"
1268,Phenylacetaldehyde is a natural compound that occurs in various natural sources. It is derived from the amino acid phenylalanine
1271,Bipolar coordinates are particularly useful for solving certain types of partial differential equations (PDEs), such as Laplace's equation and the Helmhol
1281,Lipid bilayers are essential components of biological membranes, providing a barrier that separates the interior of the cell from its external environment.
1285,Glutathione synthetase in plants is involved in the biosynthesis of glutathione, a tripeptide that serves as a
1291,"Avian coronavirus has a positive-sense single-stranded RNA genome.  

   The avian coronavirus"
1302,The movements seen in instruments used in radiesthesia are attributed to the ideomotor phenomenon. This is a psychological phenomenon where
1315,Anthranilate synthase is an enzyme that catalyzes the conversion of chorismate to anthranilate, an important intermediate in
1325,Torsion springs are commonly used in devices such as clothespins, mousetraps, and garage doors. They store energy when twisted
1332,Dennis Gabor invented holography in the 1940s. He was a Hungarian-British physicist who was
1338,The Volume Correction Factor (VCF) is used to correct for the thermal expansion of fluids, primarily liquid hydrocarbons, at various
1343,The 26S proteasome is a large protein complex that degrades ubiquitinated proteins in a highly regulated manner. It
1347,C4 plants use a unique pathway called the C4 photosynthetic pathway, which involves the enzyme phosphoenolpyru
1349,Sphingosine-1-phosphate (S1P) is a bioactive lipid mediator that regulates diverse cellular processes,
1359,"A: 16.5-33 x 5.5-8.8 ?m
B: 22-30"
1371,"The International Code of Phylogenetic Nomenclature governs phylogenetic nomenclature. 


The phy"
1376,The half-life of 241Bk is 13.08 years.  What is the half-life of 13
1388,"Innate immunity


The Danger model highlights the importance of innate immunity, which was previously considered a minor part of the imm"
1391,FP receptor agonists, such as latanoprost, travoprost, bimatoprost, and tafluprost, are used
1398,1983 The concept of viscosity solutions was first introduced by Michael G. Crandall and Pierre-Louis Lions in 19
1403,"Glucose inhibits the electrical activity of orexin cells by acting on a class of potassium ion channels called ""tandem p"
1418,The unit of measurement for TSS is milligrams per liter (mg/L) or parts per million (ppm).   What are the
1423,p-Toluenesulfonyl chloride (TsCl) is a widely used reagent in organic synthesis, converting alcoh
1424,APNs are used to connect a mobile device to the Internet or other data networks. They are essential for enabling mobile devices to access the Internet and
1425,The Canon EF-S 18-135mm f/3.5-5.6 IS STM lens uses a Stepping
1434,The products of the reaction catalyzed by glycerol-3-phosphate dehydrogenase (NAD+) are glycer
1435,Barium perchlorate is a powerful oxidizing agent with the formula Ba(ClO4)2. It decomposes at 505
1456,"Acute interstitial pneumonitis most frequently affects individuals older than forty years old.  


What are the common"
1463,"Protonation

Protonation is the process of adding a proton (or hydrogen cation) to an atom, molecule,"
1476,"A: C7 and D7
B: C8 and D8
C: C5 and D5
D: C3 and D"
1487,"A: Increases uptake  
B: Decreases uptake  
C: No effect  
D: In"
1488,Agaric acid functions as an anhidrotic agent, meaning it helps to reduce or stop excessive sweating. It achieves this by par
1490,"### Response ###

The HSH2D protein contains an SH2 domain.


The HSH2D protein is a"
1507,C22orf15 has orthologous sequences in mammals, aves, reptiles, amphibians, and fish
1508,Maleic acid is used to form acid addition salts with drugs, such as carfenazine, chlorpheniramine, and pyrilam
1517,The two broad superfamilies of defensins are trans-defensins and cis-defensins. These superfamilies are determined
1518,Tungsten hexafluoride (WF6) is used in the semiconductor industry for chemical vapor deposition (CVD). It
1520,Disparlure, also known as cis-7,8-Epoxy-2-methyloctadecane, is a
1522,The refractive index (n) of a material is defined as the ratio of the speed of light in vacuum (c) to the phase velocity
1523,Common symptoms of CNS tumors include headaches, vomiting, nausea, and seizures. These symptoms can vary depending on the
1527,Drug tolerance is a phenomenon that occurs when a person's body becomes less responsive to a drug over time. This means that the same do
1530,"A) A and B  
   B) B and early C  
   C) G and K  
   D) M"
1536,The protein isoform of TMEM171 is 324 amino acids in length.   What is the molecular weight of
1538,"The estimated star formation rate in NGC 877 is between 20 and 53 stars per year.  

### Question:"
1546,Condensation polymerization involves the loss of a small molecule, such as water, during the reaction. This process occurs when
1549,The primary endogenous ligand of ER? in the prostate gland is 3?-Androstanediol. This compound plays a
1550,"A: OpLuc
B: Versutoxin
C: Both A and B
D: Neither A nor B"
1555,"A: Activation of carboxylic acids
B: Coupling of amines and alcohols
C: Reduction of"
1559,"### Response ###

The AbgT family of transporters belongs to the ion transporter (IT) superfamily. This super"
1561,"Clostridiaceae


### Response: The family that includes the genus Clostridium and several other related genera is Clostridia"
1582,Optical storage uses a laser to record and retrieve data from an optical medium. The data is recorded by making marks in a pattern that can be read
1593,Axonometry is used in various fields, including engineering, architecture, and art. It is an important graphic technique for depicting three-dimensional space
1594,"The prefix ""on-"" in the word ontogeny comes from the Greek word ""on"" or ""ont-"" which means ""being"""
1595,"A: Epoxygenase activity
B: Hydroxylase activity
C: Desaturase activity
D: Elongase activity"
1610,Diagnostic wrist arthroscopy is a minimally invasive procedure used to diagnose and treat various wrist abnormalities. The purpose of
1616,ANNOVAR is primarily used for identifying variants involved in rare diseases where the causal mutation is expected to be rare and highly deleterious
1622,CLV, or Constant Linear Velocity, is a method used in optical storage to maintain a constant data transfer rate. It achieves this by varying the rot
1631,"Nitroxyl has a pKa of about 11.  


2.   Nitroxyl"
1645,PPIB forms a ?-barrel structure with a hydrophobic core, composed of eight anti-parallel ?-strands and
1647,"A: A predictable structure
B: A random structure
C: A complex structure
D: A dynamic structure


### Response"
1651,The key used in the Trivium cipher is 80 bits long. This is explicitly mentioned in the description of the cipher, where it states
1654,The B6 Coxeter plane is used to generate the truncated 6-orthoplex and other uniform 6-polytopes
1657,A local property in algebra is a property of an algebraic structure that can be determined by examining a small or immediate portion of the structure, rather than its entire
1659,Blazars are active galactic nuclei (AGN) with a relativistic jet directed very nearly towards an observer. Relativistic beaming of
1664,"Distortions reported with 4-HO-DiPT include:

1. Visual distortions: Users may experience intense visual"
1670,The KAT6B gene is located on the long arm of chromosome 10.   The FAM166B gene is located
1672,The L804 mutation is located at position chrY:11,907,522 on the Y chromosome
1702,"A: Thiamin diphosphate
B: FAD
C: NADH
D: NADPH
E: ATP"
1708,Cross-matching is a crucial step in blood compatibility testing, ensuring that the recipient's blood plasma doesn't react with the
1710,"The C6orf52 protein is predicted to be located in the nucleus.  

   What are the two predicted post-"
1713,Haplogroup Q-M3 is most commonly found in indigenous populations of the Americas, particularly in Meso & South America. It is
1715,"The Latin root ""tort"" in the name ""Torodinium"" means ""wrong"" or ""twisted"". This refers to"
1726,"A: Increased peak and mean power output
B: Decreased blood lactic acid levels
C: Decreased malondial"
1729,Quadricuspid aortic valve (QAV) is a rare congenital heart defect characterized by the presence of four cus
1730,Molybdopterin is a cofactor that is essential for the function of various enzymes involved in redox reactions. These enzym
1734,"A: It allows for a smaller and less expensive condenser design.  
B: It increases the heat transfer rate.  
C:"
1744,"A: Felinine  
B: Acetylfelinine  
C: Felinylglycine  
D:"
1766,Acidobacterium capsulatum is a facultative anaerobe. It can grow in the presence or absence of oxygen. It
1768,Nepheloid layers can block natural light, making it difficult for photosynthetic organisms to survive. The suspended particulates can also
1779,"A: It is involved in flagella assembly and motility.
B: It is involved in cell cycle regulation.
C: It"
1783,IgG antibodies are primarily responsible for neutralizing pathogens, activating the complement system, and facilitating the elimination of pathog
1790,Vanadium dioxide undergoes a phase transition at around 67°C, changing from a monoclinic to a tetrag
1791,The three main categories of Anisograptids are quadriradiate, triradiate, and biradiate.   How does the classification
1797,Spot tests in lichenology are used to identify lichens by analyzing the colour changes that occur when chemicals are applied to different parts of the
1799,OS/8 supported various mass storage devices such as DECtapes, fixed-head disks, and cartridge disk drives. These devices were used for
1804,The prognosis of adenylosuccinate lyase deficiency in childhood is generally stable, but it is almost always fatal in
1818,Preimplantation genetic diagnosis (PGD) is a method used to screen for genetic conditions, including intersex conditions. Some countries permit
1820,The trap between the flask and vacuum source serves as a safety measure to prevent any potential hazards. It acts as a barrier, preventing
1821,The purpose of a finer screen in the halftone process is to create a higher level of detail in the printed product. A finer
1829,Glucose-6-phosphate dehydrogenase (G6PD) is a dimeric enzyme with a substrate binding
1835,AMD's embedded APUs, including the G-Series, LX-Family, and R-Series, are designed for specific indust
1837,A) Azithromycin B) Amoxicillin C) Ciprofloxacin D) Doxycycline
1843,A transponder in air traffic control is used to identify aircraft and maintain separation between planes. It sends back a transponder code or altitude information to help
1849,Lignosulfonates are primarily derived from the sulfite pulping process of wood. They are produced as a byproduct during the production of wood
1851,The Trisetum species belong to the Poaceae family, commonly known as the grass family. This family includes a diverse range of flowering plants, including
1852,"The melting point of carvacrol is 0°C.  

   Carvacrol is a compound with"
1854,"A: Gas generator
B: Combustion chamber
C: Turbopump
D: Propellant


###"
1864,PIP5K is highly expressed in the nervous system and plays a crucial role in neuronal development, including embryogenesis and post-n
1870,Carbapenems differ from penicillins in their structure by having a carbon atom in place of the sulfur atom in the ?-la
1878,CMP is used in STI to planarize shallow trenches and enhance isolation between devices and active areas. The process involves resist etch
1888,Nipple prostheses are made of silicone, which is a safe and hypoallergenic material. Silicone is also flexible
1891,Radiometry is the science of measuring electromagnetic radiation, including visible light, in terms of absolute power. It is a fundamental tool in the study
1900,Hepatic lipase is an enzyme that plays a crucial role in lipid metabolism. It is involved in the breakdown of
1925,A: NMDA receptor, ?-opioid receptor, ?-opioid receptor, and sigma
1938,A scale in architecture is a proportional ratio of a linear dimension of a model or drawing to the same feature of the original. It can be expressed in four ways
1943,The causal agent of Gummy Stem Blight is a fungus called Didymella bryoniae. This pathogen infects plants
1945,Latitude and longitude are used together to specify the exact location of a point on the Earth's surface. By using latitude and longitude coordinates, we can pin
1947,The primary cause of the variation in the length of a solar day is the eccentricity of Earth's orbit and its axial tilt. These
1954,The key hormone in male development that is synthesized through the backdoor pathway is dihydrotestosterone (DHT). D
1964,HLA-DQ1 is associated with various autoimmune diseases, including Behçet's disease, pemphigus vulgar
1966,"A) D2h
B) C2v
C) D3h
D) Td

Answer: A) D2"
1968,"Primers provide a starting point for DNA polymerase to synthesize a complementary strand.  

Primers play a crucial role in"
1972,Eudoxus of Cnidus   What was the main purpose of the concentric spheres model?   To explain the inconsistent motions
1973,The shells of Hecticoceras subgenera are characterized by their distinct ribbing patterns and shapes, with some having a keel and
1988,Water of crystallization refers to water molecules present inside crystals, often incorporated during crystallization from aqueous solutions. It
1992,"Febrile seizures typically occur in children between the ages of 6 months and 5 years old. 


Febrile seizures"
1994,Opportunistic infections are caused by a variety of factors, including immunodeficiency or immunosuppression, malnutrition,
1996,"Fermi's golden rule.  


Fermi's golden rule is a formula in quantum physics that describes the transition rate from one"
1998,"A: Phyllosilicates  
B: Nesosilicates  
C: Inosilicates"
2002,"The LCP array can be used to answer LCP queries for arbitrary suffixes in O(1) time using range minimum queries. 

To construct"
2010,Lupus is a chronic autoimmune disease that affects many celebrities, including musicians, actors, and athletes. Some notable examples
2012,"A. Mobile Station (MS) B. Access Point Name (APN) C. IP Address D. Security Method

# Answer
A. Mobile"
2013,"#### Solution 1:
The typical binding site for SH2 domains in target proteins is a phosphorylated tyrosine resid"
2031,3-Dehydroquinate dehydratase catalyzes the conversion of 3-dehydroquinate to 3-de
2032,?2-GP1 inhibits coagulation factors, serotonin release, and agglutination. It binds to cardi
2034,A state-transition table is used to describe the behavior of a finite-state machine. It shows what state the machine will move to, based on the current
2038,LNTX-1 binds to the nicotinic acetylcholine receptor, preventing acetylcholine from binding and
2040,Lichen Simplex Chronicus is often triggered by something that rubs, irritates, or scratches the skin, such as clothing. This causes
2044,The gene that encodes the protein OXGR1 is called GPR99.   The gene that encodes the protein uteroglobin
2047,"### Response ###

The salt used to extract copper from ore, which contains copper in both its common oxidation states and"
2058,The TMEM81 gene is located on chromosomal band 1q32.1 in humans.   The TMEM17
2059,The algorithm used in the CPU cache of the Intel 486 and PowerPC G4 processors is called the Pseudo-LRU (PL
2061,GTPCH catalyzes the conversion of GTP to 7,8-DHNP-3'-TP, a precursor for THB.
2064,"A: Cytochrome P450 epoxygenases
B: Cytochrome P450 reductases
C: Cyto"
2068,"The PDP-9 sold 445 units.  


The PDP-9 was a 18-bit minicomput"
2072,"A: Africa  
B: Asia  
C: Europe  
D: South America  
E: North America  

###"
2074,Zirconocene dichloride is a colorless diamagnetic solid. Diamagnetism is a form of magnetism that causes a material
2075,Cyclooctatetraene has alternating single and double carbon-carbon bonds. These bonds are not conjugated, meaning they do not form
2080,Bubble CPAP is a non-invasive ventilation strategy for newborns with infant respiratory distress syndrome (
2081,"A. H4P2O7
B. H3PO4
C. H2P2O7
D. HP2"
2082,"A) Hypercubes
B) Demihypercubes
C) Tetrahedra
D) Octahedra"
2094,The Pluto Kuiper Express was planned to have a closest approach distance of about 15,000 km to Pluto. This distance would
2097,"Gadolinium-doped ceria (GDC) has a density of around 7.2 g/cm3.  

## Your"
2101,Difference equations are a type of recurrence relation that involves the first differences of a sequence or a function. They can be used to model various phenomena,
2102,The maximum correlation between distant events in the CHSH inequality, according to the Tsirelson bound, is 2?2.   The Tsire
2103,Weak field ligands favor tetrahedral geometry in four-coordinated nickel(II) complexes.   The complex has two is
2117,Primordial germ cell migration serves two main functions in vertebrates: allowing PGCs to reach the gonad and ensuring the quality of
2119,Any DNA fragment that is compatible with the cloning vector can be inserted. The size of the DNA fragment depends on the type of vector used.
2120,Nano-CT technology is primarily used for non-destructive testing and 3D imaging at the nanometer scale. It allows researchers
2133,Sigmoidoscopy is a medical procedure used to examine the sigmoid colon and rectum. It helps diagnose and treat conditions such as diarr
2137,Ferroin has a redox potential of +1.06 volts. This value indicates that Ferroin can easily accept electrons (be reduced
2141,The anode layer in Schottky-junction solar cells is typically made of p-type nickel oxide. This material has been found to
2149,The Nikon D5000 uses a 12.3-megapixel DX-format CMOS sensor. This sensor
2152,Sarcomatoid carcinoma of the lung is a rare and aggressive type of lung cancer. It is characterized by the presence of sp
2164,ISO standards for food and beverage aim to ensure the safety, quality, and authenticity of food products. These standards cover various aspects of food production, processing
2166,Pitrakinra is a human recombinant protein that blocks the inflammatory effects of IL-4 and IL-13 by inhib
2167,"A. Strongly coordinating anion  
   B. Non-coordinating anion  
   C. Weak"
2172,Stearoyl-CoA desaturase-1 (SCD-1) is an enzyme that catalyzes the rate-limiting
2175,Pulmonary artery catheterization is a diagnostic procedure used to detect heart failure, sepsis, and monitor therapy. It is
2176,Invariant mass, also known as rest mass, is a fundamental concept in special relativity that refers to the mass of an object or system that remains constant in
2178,"Context:  
  Tideglusib is a potent, selective, and irreversible small molecule non-"
2184,Minisatellites are typically 10-60 base pairs long and are repeated 5-50 times.   Minisatellites are
2186,The chemical formula of Picropharmacolite is Ca4Mg(AsO3OH)2(AsO4)
2194,"Flare fittings require modification with a special tool.  


What are the advantages of using compression fittings over soldered f"
2206,Motion JPEG is an intraframe-only compression scheme, which limits its efficiency to 1:20 or lower, compared to more computation
2210,2,3-DCPP is a precursor in the synthesis of several compounds, including aripiprazole, carip
2219,"A: Specific latent heat
B: Specific heat capacity
C: Specific heat
D: Specific heat ratio

The correct answer is"
2228,The temperature difference between the air and the lake. How does wind direction affect lake-effect snow? Wind direction determines the direction and intensity of the snowfall
2232,Dry chlorine treatment is the most common method of CDC synthesis. This method involves etching metal or metalloid atoms from the car
2234,The radiant of the Southern Delta Aquariids meteor shower is located in the constellation Aquarius. Specifically, it lies near the star D
2241,HD 89345 b has a mass of 35.7 Earths. What is the radius of HD 89345
2243,Membrane scaling occurs when sparingly soluble salts in RO concentrate become supersaturated, primarily due to the withdrawal of
2248,Troxipide inhibits H. pylori-derived urease, a multimeric nickel-containing enzyme
2253,#NOM?
2257,Trifluoroperacetic acid (TFPAA) in a Prilezhaev reaction.   The synthesis of dioxolane-cont
2263,A) Topical antibiotics   B) Warm compresses   C) Oral corticosteroids   D) Chemotherapy
2264,A cable modem supports functionality at multiple layers of the OSI model, including the physical, data link, network, transport, and application layers.
2276,The EPIA PX10000G motherboard has a 1GHz VIA C7-M processor.
2278,The device that Thomas Edison invented in 1877 that allowed sound to be recorded and reproduced is called the phonograph.
2295,Low-carbohydrate diets were originally developed as a treatment for diabetes. The idea was that by reducing carbohydrate int
2298,The goal of rehabilitation after medial knee surgery is to restore normal knee function and prevent complications such as arthrofib
2313,The computation of shortest path lengths in Seidel's algorithm has a time complexity of O(n^2), where n is the number of vertices in
2326,The Earth's gravitational force on an object is matched by the object's gravitational force on the Earth. This is an example of Newton's
2332,A) Five minutes   B) Ten minutes   C) Thirty seconds   D) One hour   **Answer: A) Five minutes**   The
2343,Phycoerythrin is a red protein-pigment complex that plays an accessory role in photosynthesis. It absorbs light energy in
2353,The Gomory-Hu tree is used to represent the minimum s-t cuts for all s-t pairs in an undirected graph with
2356,Sodium amalgam is a chemical compound that consists of sodium and mercury. It is represented by the formula Na(Hg).
2357,The Banerjee test is used to determine if a loop is parallelizable or not. If an anti dependence is broken, the loop is parallelizable,
2362,"A) 160
B) 320
C) 960
D) 1600"
2365,Carboxylate ions are commonly synthesized by deprotonating carboxylic acids with a strong base
2369,"A. Tabtoxin
B. L-threonine
C. L-aspartate
D. Pyruvic acid"
2370,"A) They are remnants of early protoplanets.  
   B) They formed in the asteroid belt and"
2378,"A: Water  
B: Oxygen  
C: Carbon dioxide  
D: Nitrogen  
E"
2382,The occipital lobe, specifically the primary visual cortex (V1) and extrastriate cortex, processes visual information in the brain.
2401,The globular cluster Messier 4 is estimated to be around 12.2 billion years old. This age estimation is based on the analysis of the
2403,In a sorted linked list or array, finger search can be implemented by reversing the search process from the finger until the search interval is large enough to contain the
2420,The COQ7 gene encodes the DMQ hydroxylase enzyme, which is involved in the biosynthesis of ubiquinone
2423,"A: Non-linear video editing software
B: Commercial video editing software
C: Free and open-source video editing software
D"
2424,The molecular basis of self-avoidance in Drosophila is provided by the Dscam1 protein, which generates thousands of isoforms
2425,"A: 122 °C
B: 121 °C
C: 1040–1100 K"
2430,The Schrödinger picture is useful for time-independent Hamiltonians. It is a formulation of quantum mechanics where the state vectors evolve
2442,Symmetry   How do Bioche's rules simplify the evaluation of integrals involving sines and cosines? Bioche's rules simplify the evaluation
2443,The TOI-178 planetary system is unique due to its long chain of Laplace resonances, where the planets' orbital periods
2448,"Trigonal bipyramid

What is the crystal system of pentamethylantimony? Orthorhombic"
2449,"#### Answer:
The EOS operating system includes subroutines and utility functions.  

### Instruction:  
The Cole"
2455,The regulator is used to determine the size of the units in a number field.   What is the relationship between the regulator and the class number of
2466,"A: Regeneron Pharmaceuticals
B: Millennium Pharmaceuticals, Inc.
C:"
2470,"A) 4-8
   B) 8-16
   C) 16-24
   D)"
2473,Stibine is used in the semiconductor industry to dope silicon with small quantities of antimony via chemical vapour deposition (
2488,Formoterol has a prolonged duration of action, lasting up to 12 hours. This makes it a suitable option for symptom control in
2493,The synthesis method. Pulsed Laser Deposition (PLD) is a useful technique, but it requires expensive equipment and time to adjust to atmos
2497,The standard for MJ2 is defined by ISO/IEC 15444-3:2002, ISO/IEC
2504,"A: Molecular hydrogen  
B: Methane  
C: Glucose  
D: Sunlight"
2509,The maximum amount of energy that can be extracted from an uncharged black hole via the Penrose process is 29% of its original mass. This
2510,The Intel Atom series of processors are commonly used in automotive applications. These processors are designed to provide low power consumption and high performance for applications
2512,CDW contributes to the melting of ice shelves primarily by flowing upward onto the continental shelf and reaching the underside of the
2518,"A: 13 years
B: 130 years
C: 1300 years
D: 130"
2525,The Golm Metabolome Database (GMD) is a comprehensive reference library for metabolite profiling experiments, providing mass spectral and retention index
2526,MIT is a heterocyclic compound with the formula S(CH2)2C(O)NCH3. It consists of a th
2527,"A: 2-20x10^9/L
B: 10-100x10^9/"
2530,"A: RAR?
B: RAR?
C: RAR?
D: RXR


### Response ###"
2538,In the United States, 5F-AMB is a Schedule I controlled substance under the Federal Analogue Act. This means it
2546,"Ether bond

Plasmalogens are a type of glycerophospholipid that are divided into three subclasses based on"
2549,The material covering the core of a dirt cone acts as insulation, protecting it from erosion through ablation. If the material is too
2559,Psilocybe azurescens contains up to 1.8% psilocybin by dry weight.
2566,"Hemichromes  

Reflectance Spectroscopy (RS) is a non-destructive analytical technique that measures the reflectance"
2570,E-selectin is a selectin cell adhesion molecule expressed on activated endothelial cells. It has a cassette structure
2571,British anti-lewisite (dimercaprol) is the antidote for lewisite exposure. It works by binding to
2576,"A: 71.20 kDa
B: 48.6 kDa
C: 30.8 kDa"
2585,"A. Bromophenol blue  
B. Alpha-galactosidase  
C. Beta-galact"
2596,"A: Grape seeds
B: Barley grain
C: Maritime pine bark
D: Wine"
2597,The World Health Organization (WHO) aims to eliminate leprosy as a public health problem by 2025. This goal is
2599,"A) Frequency Modulation (FM)
B) Amplitude Modulation (AM)
C) Quadrature Amplitude Mod"
2608,The MT-CO1 gene is often used as a DNA barcode to identify animal species. Its sequence is conserved among conspecifics and has
2611,Tetrathionate serves as a terminal electron acceptor for Salmonella enterica serotype Typhimurium, aiding in its growth
2612,p110? is a catalytic subunit of class IA PI3Ks that is activated by tyros
2614,Pythiosis is caused by the water mould Pythium insidiosum.   Lagenidiosis is caused by the water m
2619,Smelling salts primarily work by triggering an inhalation reflex that causes the muscles controlling breathing to work faster. This increased respir
2627,The Merkle-Damgard construction.   What is the size of the hash value produced by Tiger?   Tiger produces a
2628,The Alphafusellovirus is released from the host cell through a budding mechanism, which is a process where the virus acquires its en
2632,"A: MACPF
B: Aegerolysin
C: MACPF and Aegerolysin
D: Equin"
2644,"The recommended key size for asymmetric encryption to ensure security is at least 1024 bits.  

  Symmetric encryption"
2656,Three.js is available under the MIT License. This license is a permissive free software license that allows users to use, modify, and dist
2663,Buffer gases are inert or nonflammable gases that add pressure to a system and control combustion speed. Examples of buffer g
2668,Graphite is a common material used as a neutron reflector in nuclear reactors. It has a low neutron absorption cross-section, making it
2673,The DLVO theory considers two main forces: van der Waals forces and electrical double layer forces.   The DLVO theory is a
2675,HLA-DP is a protein/peptide-antigen receptor that plays a crucial role in the immune system's response to path
2682,Rituximab is the immunotherapy used in the treatment of NLPHL. It is a monoclonal antibody that
2685,"A) Reduction of hydroperoxides to alcohols
B) Oxidation of alcohols to aldehydes"
2695,The movement of glaciers is driven by four processes: basal sliding, glacial quakes, bed deformation, and internal deformation.
2696,Manganvesuvianite is a rare mineral with the formula, characterized by its red to nearly black color and significant manganese content.
2697,The CPT II enzyme, also known as carnitine palmitoyltransferase II, plays a crucial role in the transport of
2698,PtdIns(3,4)P2 is a minor phospholipid component of cell membranes that plays a crucial role
2700,A molecular drag pump uses the drag of air molecules against a rotating surface to create a vacuum. The most common design
2702,Frost flowers can form on a variety of plants, including white crownbeard (Verbesina virginica), yellow ironweed
2706,"A: Morning types have their peak body temperature in the morning.
B: Morning types have their peak body temperature in the evening."
2709,The option becomes null and void.
2719,Spheroidal weathering creates rounded boulders with a core of relatively unweathered rock, known as corestones or woolsack
2722,Astigmatina belongs to the superorder Acariformes. This superorder includes various groups of mites, including Astigmatina, which is further
2724,"The primary location of FAM71E2 gene expression is in male tissues, especially the testis.  

**Instruction 2"
2729,The stage of erythroid cell development where erythroid cells start to acquire and store iron is the proerythroblast stage. During this
2733,"Answer: Head direction cells. 

Exercise 2: 

Head direction cells are a type of neuron found in"
2736,The Jaccard index is used to gauge the similarity and diversity of sample sets. It is a statistic that measures how well two sets of data match
2744,Bijuva is a combined estrogen and progestogen medication. It is used to treat menopausal symptoms in postmen
2748,Orthonormal sets are studied in the context of linear algebra and functional analysis. They are used to understand the diagonalizability of operators and the structure of
2752,D-branes are the sources of Ramond-Ramond fields. They are extended objects that are charged under the RR fields and interact with
2757,"### Response ###

When ammonium perrhenate (NH4ReO4) is heated in a sealed"
2760,"A: Hexose
B: Pentose
C: Triose
D: Heptose
E: Tetrose"
2769,The Wronskian is used to determine the linear independence of a set of functions. It is a determinant constructed from the functions and their derivatives, and
2772,The cross product is a bilinear operation on vectors in three-dimensional Euclidean space. It is not defined in other dimensions. Therefore, the
